{"items":[{"name":"","position":{"x":-268.37994384765627,"y":232.90267944335938,"z":0.0},"rotation":{"x":0.0,"y":0.0,"z":0.0,"w":1.0}}]}