{"items":[{"name":"bagStartEarth","position":{"x":-175.92584228515626,"y":76.288330078125,"z":-1.00030517578125},"rotation":{"x":0.0,"y":0.0,"z":0.0,"w":1.0}}]}