{"items":[{"name":"bagStandart4x4","position":{"x":-60.9150390625,"y":150.34719848632813},"rotation":{"x":0.0,"y":0.0,"z":0.0,"w":1.0}},{"name":"bagStandart4x4","position":{"x":69.19866943359375,"y":150.34719848632813},"rotation":{"x":0.0,"y":0.0,"z":0.0,"w":1.0}},{"name":"PotionHPCommon","position":{"x":101.86697387695313,"y":149.94720458984376},"rotation":{"x":0.0,"y":0.0,"z":0.0,"w":1.0}},{"name":"SwordStandart","position":{"x":-28.41510009765625,"y":182.84722900390626},"rotation":{"x":0.0,"y":0.0,"z":0.7071068286895752,"w":0.7071068286895752}}]}