{"items":[{"name":"bagStartEarth","position":{"x":-260.41583251953127,"y":-84.39164733886719,"z":0.0},"rotation":{"x":0.0,"y":0.0,"z":0.0,"w":0.0}}]}