{"items":[{"name":"bagStartIce","position":{"x":77.50421142578125,"y":76.2757568359375,"z":0.0},"rotation":{"x":0.0,"y":0.0,"z":0.0,"w":1.0}},{"name":"FireBody1","position":{"x":39.9599609375,"y":121.16693115234375,"z":-1.00030517578125},"rotation":{"x":0.0,"y":0.0,"z":0.0,"w":1.0}}]}