{"items":[{"name":"","position":{"x":249.60000610351563,"y":-161.3762969970703,"z":0.0},"rotation":{"x":0.0,"y":0.0,"z":0.0,"w":1.0}},{"name":"","position":{"x":207.5600128173828,"y":-82.03311157226563,"z":-1.0002251863479615},"rotation":{"x":0.0,"y":0.0,"z":0.0,"w":1.0}},{"name":"","position":{"x":208.95997619628907,"y":-201.00099182128907,"z":-1.0002251863479615},"rotation":{"x":0.0,"y":0.0,"z":0.0,"w":1.0}}]}