{"items":[{"name":"bagStartFire","position":{"x":-6.945838928222656,"y":-164.7316436767578,"z":0.0},"rotation":{"x":0.0,"y":0.0,"z":0.0,"w":0.0}}]}