{"items":[{"name":"bagStandart4x4","position":{"x":69.19857788085938,"y":-54.576324462890628},"rotation":{"x":0.0,"y":0.0,"z":0.0,"w":1.0}}]}