{"items":[{"name":"bagStartFire","position":{"x":-175.93585205078126,"y":76.2757568359375,"z":0.0},"rotation":{"x":0.0,"y":0.0,"z":0.0,"w":1.0}}]}