{"items":[{"name":"bagStandart4x4","position":{"x":69.19866943359375,"y":82.18405151367188},"rotation":{"x":0.0,"y":0.0,"z":0.0,"w":1.0}},{"name":"bagStandart4x4","position":{"x":69.19866943359375,"y":-54.57633972167969},"rotation":{"x":0.0,"y":0.0,"z":0.0,"w":1.0}},{"name":"SwordStandart","position":{"x":36.6988525390625,"y":49.684356689453128},"rotation":{"x":0.0,"y":0.0,"z":0.0,"w":1.0}},{"name":"SwordStandart","position":{"x":101.55319213867188,"y":49.684356689453128},"rotation":{"x":0.0,"y":0.0,"z":0.0,"w":1.0}}]}