{"items":[{"name":"bagCommon2x2","position":{"x":121.31207275390625,"y":118.121337890625,"z":-1.00030517578125},"rotation":{"x":0.0,"y":0.0,"z":0.0,"w":1.0}},{"name":"bagStartFire","position":{"x":-91.455810546875,"y":76.2757568359375,"z":-1.00030517578125},"rotation":{"x":0.0,"y":0.0,"z":0.0,"w":1.0}},{"name":"bagCommon2x2","position":{"x":-47.64788818359375,"y":-122.88605499267578,"z":-1.00030517578125},"rotation":{"x":0.0,"y":0.0,"z":0.0,"w":1.0}},{"name":"bagCommon2x2","position":{"x":121.31207275390625,"y":-42.550262451171878,"z":-1.00030517578125},"rotation":{"x":0.0,"y":0.0,"z":0.0,"w":1.0}}]}