{"items":[{"name":"bagStartWind","position":{"x":161.98419189453126,"y":-84.39584350585938,"z":0.0},"rotation":{"x":0.0,"y":0.0,"z":0.0,"w":1.0}},{"name":"FireBody1","position":{"x":124.43997192382813,"y":-39.50469970703125,"z":-1.00030517578125},"rotation":{"x":0.0,"y":0.0,"z":0.0,"w":1.0}}]}