{"items":[{"name":"bagStartFire","position":{"x":-260.41583251953127,"y":156.6283416748047,"z":0.0},"rotation":{"x":0.0,"y":0.0,"z":0.0,"w":0.0}}]}