{"items":[{"name":"bagStandart4x4","position":{"x":69.19857788085938,"y":-54.576324462890628},"rotation":{"x":0.0,"y":0.0,"z":0.0,"w":1.0}},{"name":"PotionHPCommon","position":{"x":461.2574462890625,"y":-508.6607971191406},"rotation":{"x":0.0,"y":0.0,"z":-0.017748966813087465,"w":0.9998425245285034}},{"name":"CurseSword1Hand","position":{"x":34.49859619140625,"y":-58.576324462890628},"rotation":{"x":0.0,"y":0.0,"z":0.0,"w":1.0}},{"name":"CurseSword1Hand","position":{"x":99.66690063476563,"y":-58.576324462890628},"rotation":{"x":0.0,"y":0.0,"z":0.0,"w":1.0}}]}