{"items":[{"name":"bagStartFire","position":{"x":77.54415893554688,"y":76.28834533691406,"z":0.0},"rotation":{"x":0.0,"y":0.0,"z":0.0,"w":0.0}}]}