{"items":[{"name":"bagStartFire","position":{"x":-91.43586730957031,"y":-84.39164733886719,"z":0.0},"rotation":{"x":0.0,"y":0.0,"z":0.0,"w":1.0}},{"name":"VampireSword1","position":{"x":-3.8400251865386965,"y":-83.20470428466797,"z":-1.0002251863479615},"rotation":{"x":0.0,"y":0.0,"z":0.0,"w":1.0}},{"name":"VampireSword1","position":{"x":-88.32003021240235,"y":-83.20470428466797,"z":-1.0002251863479615},"rotation":{"x":0.0,"y":0.0,"z":0.0,"w":1.0}},{"name":"FireFlask1","position":{"x":-172.7999725341797,"y":-42.67957305908203,"z":-1.0002251863479615},"rotation":{"x":0.0,"y":0.0,"z":0.0,"w":1.0}}]}