{"items":[{"name":"bagRare2x1","position":{"x":205.7921142578125,"y":-0.704681396484375,"z":-1.00030517578125},"rotation":{"x":0.0,"y":0.0,"z":0.0,"w":1.0}},{"name":"bagRare2x1","position":{"x":205.7921142578125,"y":159.9669189453125,"z":-1.00030517578125},"rotation":{"x":0.0,"y":0.0,"z":0.0,"w":1.0}},{"name":"bagRare2x1","position":{"x":205.7921142578125,"y":-81.04046630859375,"z":-1.00030517578125},"rotation":{"x":0.0,"y":0.0,"z":0.0,"w":1.0}},{"name":"bagRare2x1","position":{"x":205.7921142578125,"y":79.631103515625,"z":-1.00030517578125},"rotation":{"x":0.0,"y":0.0,"z":0.0,"w":1.0}}]}