{"items":[{"name":"bagStandart4x4","position":{"x":-60.9150390625,"y":150.34719848632813},"rotation":{"x":0.0,"y":0.0,"z":0.0,"w":1.0}},{"name":"bagStandart4x4","position":{"x":-190.486572265625,"y":150.34719848632813},"rotation":{"x":0.0,"y":0.0,"z":0.0,"w":1.0}},{"name":"bagStandart4x4","position":{"x":-320.38348388671877,"y":150.34719848632813},"rotation":{"x":0.0,"y":0.0,"z":0.0,"w":1.0}},{"name":"CurseSword1Hand","position":{"x":-30.543212890625,"y":146.34719848632813},"rotation":{"x":0.0,"y":0.0,"z":0.0,"w":1.0}}]}