{"items":[{"name":"SwordStandart","position":{"x":144.09896850585938,"y":-410.2379150390625},"rotation":{"x":0.0,"y":0.0,"z":0.7086727619171143,"w":0.7055373787879944}}]}