{"items":[{"name":"bagStartFire","position":{"x":-6.94586181640625,"y":-84.39164733886719,"z":0.0},"rotation":{"x":0.0,"y":0.0,"z":0.0,"w":1.0}}]}