{"tiles":[],"playerPosition":{"x":1373.999267578125,"y":147.99905395507813}}