{"tiles":[],"playerPosition":{"x":951.61181640625,"y":378.7415771484375}}