{"tiles":[],"playerPosition":{"x":880.506103515625,"y":314.4847412109375}}