{"tiles":[],"playerPosition":{"x":0.000152587890625,"y":-15.0362548828125}}