{"tiles":[],"playerPosition":{"x":986.607666015625,"y":418.5889892578125}}