{"tiles":[],"playerPosition":{"x":0.00030517578125,"y":0.000030517578125}}