{"tiles":[],"playerPosition":{"x":0.000152587890625,"y":-10.5999755859375}}