{"items":[{"name":"FireDagger1","position":{"x":1194.7017822265625,"y":-219713.796875,"z":-9719.998046875},"rotation":{"x":0.0,"y":0.0,"z":-0.13053694367408753,"w":0.9914434552192688}}]}