{"items":[{"name":"VampireBoots1","position":{"x":-308.524658203125,"y":-136.41336059570313,"z":-9720.0},"rotation":{"x":0.0,"y":0.0,"z":0.6250078082084656,"w":0.7806184887886047}},{"name":"StaffIce1","position":{"x":-265.9173583984375,"y":-153.13949584960938,"z":-9705.0107421875},"rotation":{"x":0.0,"y":0.0,"z":-0.7816807627677918,"w":0.6236788034439087}},{"name":"FireGloves1","position":{"x":-393.322509765625,"y":-154.03366088867188,"z":-9708.3037109375},"rotation":{"x":0.0,"y":0.0,"z":-0.22852258384227754,"w":0.9735386967658997}},{"name":"ManaRing1","position":{"x":123.00320434570313,"y":-192.70953369140626,"z":-9716.6943359375},"rotation":{"x":0.0,"y":0.0,"z":0.7024609446525574,"w":-0.7117223739624023}}]}