{"items":[{"name":"ManaBoots1","position":{"x":753.5321044921875,"y":-142097.609375,"z":-2.0006103515625},"rotation":{"x":0.0,"y":0.0,"z":0.8570180535316467,"w":-0.5152864456176758}}]}