{"items":[{"name":"AxeCommon2Hand","position":{"x":57.745826721191409,"y":-72.30804443359375},"rotation":{"x":0.0,"y":0.0,"z":-0.55463707447052,"w":0.8320924043655396}},{"name":"SwordStandart","position":{"x":-43.00834655761719,"y":125.97433471679688},"rotation":{"x":0.0,"y":0.0,"z":0.6260164380073547,"w":-0.7798098921775818}},{"name":"CurseDoubleSword","position":{"x":-29.169387817382814,"y":-32.575439453125},"rotation":{"x":0.0,"y":0.0,"z":0.1516588032245636,"w":0.9884329438209534}}]}