{"items":[{"name":"PotionHPCommon","position":{"x":59.33961486816406,"y":-132.47805786132813},"rotation":{"x":0.0,"y":0.0,"z":0.7073289752006531,"w":0.7068845629692078}},{"name":"GlovesBase","position":{"x":8.449897766113282,"y":-45.287811279296878},"rotation":{"x":0.0,"y":0.0,"z":0.45600757002830508,"w":0.889975905418396}}]}