{"items":[{"name":"bagStandart4x4","position":{"x":-33.50220489501953,"y":-87.44461059570313},"rotation":{"x":0.0,"y":0.0,"z":0.6260471940040588,"w":-0.7797852158546448}},{"name":"AxeCommon2Hand","position":{"x":89.66722106933594,"y":-69.03610229492188},"rotation":{"x":0.0,"y":0.0,"z":0.658200204372406,"w":0.7528430223464966}},{"name":"bagStandart4x4","position":{"x":-161.87074279785157,"y":-100.16201782226563},"rotation":{"x":0.0,"y":0.0,"z":-0.0014652519021183253,"w":0.999998927116394}}]}