{"items":[{"name":"GlovesBase","position":{"x":-185.86026000976563,"y":-95.94281005859375},"rotation":{"x":0.0,"y":0.0,"z":-0.9214178919792175,"w":0.3885732889175415}},{"name":"DecoratedLates","position":{"x":-36.92230224609375,"y":-62.698272705078128},"rotation":{"x":0.0,"y":0.0,"z":-0.015317883342504502,"w":0.9998827576637268}},{"name":"CurseDoubleSword","position":{"x":0.0,"y":0.0},"rotation":{"x":0.0,"y":0.0,"z":0.0,"w":0.0}}]}