{"items":[{"name":"FireBody1","position":{"x":-23.17232894897461,"y":-87.17788696289063},"rotation":{"x":0.0,"y":0.0,"z":0.002506938762962818,"w":0.9999969005584717}},{"name":"FireFlask1","position":{"x":34.679107666015628,"y":7.950164794921875},"rotation":{"x":0.0,"y":0.0,"z":-0.7033595442771912,"w":0.710834264755249}},{"name":"FireDagger1","position":{"x":74.02667999267578,"y":-80.27886962890625},"rotation":{"x":0.0,"y":0.0,"z":-0.08976620435714722,"w":0.995962917804718}}]}