{"items":[{"name":"ManaFlask1","position":{"x":308.0235595703125,"y":-126.62234497070313,"z":-9719.998046875},"rotation":{"x":0.0,"y":0.0,"z":0.09114866703748703,"w":0.9958373308181763}}]}