{"items":[{"name":"ManaAmulet1","position":{"x":-167.99261474609376,"y":-163.07327270507813,"z":-9720.0},"rotation":{"x":0.0,"y":0.0,"z":0.6656265258789063,"w":0.746285080909729}},{"name":"VampireBow1","position":{"x":72.75131225585938,"y":-134.02615356445313,"z":-1.00030517578125},"rotation":{"x":0.0,"y":0.0,"z":-0.7344303727149963,"w":0.6786841154098511}}]}