{"items":[{"name":"VampireBoots1","position":{"x":-366.70928955078127,"y":-166.70004272460938,"z":-9720.0},"rotation":{"x":0.0,"y":0.0,"z":0.765120267868042,"w":0.6438874006271362}},{"name":"StaffIce1","position":{"x":-239.96484375,"y":-147.144287109375,"z":-9670.009765625},"rotation":{"x":0.0,"y":0.0,"z":0.8040351271629334,"w":-0.5945817828178406}},{"name":"FireGloves1","position":{"x":-405.8076171875,"y":-93.27316284179688,"z":-9670.009765625},"rotation":{"x":0.0,"y":0.0,"z":0.28696563839912417,"w":0.957940936088562}},{"name":"ManaRing1","position":{"x":267.23040771484377,"y":-166.05987548828126,"z":-9704.498046875},"rotation":{"x":0.0,"y":0.0,"z":-0.8953337669372559,"w":-0.4453957974910736}}]}